channel_id,video_id,title,published_at,duration,view_count,like_count,comment_count
UCvtJBm9C0rd6Py-GB8KLH1A,Bdm5ZCUtTFg,〈인커밍〉을 소개합니다,2023-02-02T05:41:27Z,0h 3m 57s,728,44,20
UCvtJBm9C0rd6Py-GB8KLH1A,e0N7m_U54Yk,이상민 장관 탄핵의 증거,2023-01-19T02:25:57Z,0h 5m 41s,1799,59,19
UCvtJBm9C0rd6Py-GB8KLH1A,tFrvrp27CIU,"깨어나세요, 장관님!",2023-01-04T06:00:07Z,0h 0m 25s,15069,608,68
UCvtJBm9C0rd6Py-GB8KLH1A,FlMwDipB6TM,10시 29분 vs 10시 53분,2023-01-04T04:14:07Z,0h 0m 42s,1922,145,11
UCvtJBm9C0rd6Py-GB8KLH1A,ytZ244rEnUQ,여당 같지 않은 여당,2022-12-12T02:09:03Z,0h 0m 32s,3426,142,14
UCvtJBm9C0rd6Py-GB8KLH1A,wigleD_okEA,진상조사 전략 발표,2022-12-09T04:05:15Z,0h 29m 0s,361,22,9
UCvtJBm9C0rd6Py-GB8KLH1A,TxFjDDQcZ1I,이태원 참사 유가족 고립시키는 윤석열 정부,2022-12-07T03:14:18Z,0h 0m 55s,390,44,5
UCvtJBm9C0rd6Py-GB8KLH1A,ZYBmZHTQYIM,빈 리본을 달겠습니다ㅣ#이태원참사 #기본소득당,2022-11-23T05:29:36Z,0h 1m 10s,329,15,7
UCvtJBm9C0rd6Py-GB8KLH1A,RFq0Wl4dwlY,"""사회적 재난에서 국가의 역할"" 오준호 공동대표 기획강연 20221115 | #기본소득당",2022-11-22T07:23:51Z,0h 42m 31s,105,7,0
UCvtJBm9C0rd6Py-GB8KLH1A,_7j13CcoF-M,용산구청장 거짓말 잡아내는 기본소득당 용혜인,2022-11-15T05:59:42Z,0h 1m 1s,37187,2224,26
UCvtJBm9C0rd6Py-GB8KLH1A,6hT-rk0genA,산사태를 호미로 막겠다는 윤석열 정부,2022-11-15T05:47:09Z,0h 0m 41s,1409,33,3
UCvtJBm9C0rd6Py-GB8KLH1A,69yZ4ulKzPE,#용산구청장 거짓말 잡아내는 #기본소득당 #용혜인 #Shorts,2022-11-09T06:56:42Z,0h 1m 37s,211,17,3
UCvtJBm9C0rd6Py-GB8KLH1A,nqVRcjL7tHg,행안위가 들러리 서는 것을 동의할 수 없습니다 | #기본소득당,2022-11-01T08:53:56Z,0h 2m 48s,667,34,10
UCvtJBm9C0rd6Py-GB8KLH1A,JDFH2ABhAYA,아무 말 말고 추모만 하라,2022-11-01T07:28:40Z,0h 0m 55s,14387,758,39
UCvtJBm9C0rd6Py-GB8KLH1A,_Qag24Wb2EI,동문서답 윤석열 (직캠),2022-10-28T08:27:40Z,0h 0m 48s,469,42,6
UCvtJBm9C0rd6Py-GB8KLH1A,VvdaIsrw9V8,"가이드라인, 있습니까?",2022-10-14T08:52:15Z,0h 0m 59s,1768,74,3
UCvtJBm9C0rd6Py-GB8KLH1A,4oObg6XgfI8,640억 횡령 새마을금고,2022-10-06T08:45:23Z,0h 1m 0s,802,66,3
UCvtJBm9C0rd6Py-GB8KLH1A,RK2gH73cLTA,뉴욕 굴욕 쌍욕,2022-09-30T09:21:45Z,0h 0m 54s,673,39,3
UCvtJBm9C0rd6Py-GB8KLH1A,X5VWQxlydT8,기본소득당이 대안입니다,2022-09-30T09:00:17Z,0h 2m 42s,287,18,1
UCvtJBm9C0rd6Py-GB8KLH1A,w0XN-zcG4Gk,무능한 여가부 장관,2022-09-20T08:53:27Z,0h 0m 59s,2006,62,9
UCvtJBm9C0rd6Py-GB8KLH1A,7HL9J1xt_GU,여가부 장관에 불호령 내리는 용혜인 #신당역사건,2022-09-16T09:41:19Z,0h 6m 19s,185,14,2
UCvtJBm9C0rd6Py-GB8KLH1A,0mt_nQrjMaI,종부세 무력화하는 윤석열 정부에 반대하는 국회의원 #기본소득당 #용혜인 #shorts,2022-09-08T06:49:46Z,0h 1m 0s,8947,589,30
UCvtJBm9C0rd6Py-GB8KLH1A,PHv2VtCOo-w,종부세 무력화하는 윤석열 정부에 반대합니다 | #기본소득당 #용혜인,2022-09-08T06:32:23Z,0h 6m 32s,174,11,4
UCvtJBm9C0rd6Py-GB8KLH1A,RPjE7e745wc,'여가부 폐지'라는 폭탄을 던져놓고 휴가 타령할 때입니까?,2022-08-03T07:38:42Z,0h 3m 45s,401,16,4
UCvtJBm9C0rd6Py-GB8KLH1A,WqbKBhib9tc,국민의힘과 더불어민주당 원내대표께 #Shorts | #기본소득당,2022-07-28T07:00:23Z,0h 1m 0s,796,26,12
UCvtJBm9C0rd6Py-GB8KLH1A,8Ih8xeOlZwk,용혜인 의원 밤샘 농성 브이로그... (용혜인을 기획재정위원회 위원으로) | #기본소득당,2022-07-26T09:13:18Z,0h 2m 29s,418,20,8
UCvtJBm9C0rd6Py-GB8KLH1A,M0IQMWMFp-8,용혜인 의원을 기획재정위 상임위원으로 | #기본소득당,2022-07-25T06:39:30Z,0h 3m 45s,126,11,3
UCvtJBm9C0rd6Py-GB8KLH1A,tyKq2YIAZu4,투표 하루전 #정당투표는기본소득당,2022-05-31T18:02:05Z,0h 1m 0s,1363,35,5
UCvtJBm9C0rd6Py-GB8KLH1A,-InQVno-TRg,지방선거 리믹스 REMIX #정당투표는기본소득당,2022-05-31T10:24:05Z,0h 0m 59s,930,24,4
UCvtJBm9C0rd6Py-GB8KLH1A,lO_shcABaUs,"인천, 거대 양당 말고 대안 정치 별 볼 수 있는 저녁 함께 만들어요 #페미니스트정치인",2022-05-31T04:51:50Z,0h 1m 0s,508,20,1
UCvtJBm9C0rd6Py-GB8KLH1A,t1IBuu7RJgk,대구 보수정치 이제 그만,2022-05-31T01:44:07Z,0h 1m 0s,341,14,4
UCvtJBm9C0rd6Py-GB8KLH1A,PWH3DgCCK18,(직캠) 광주시장 현철이,2022-05-30T11:17:44Z,0h 0m 44s,431,18,1
UCvtJBm9C0rd6Py-GB8KLH1A,JcOUF3ie1aA,기본소득과 페미니즘 주장하는 비례대표 후보 박은영| #기본소득당,2022-05-30T10:30:03Z,0h 9m 49s,450,15,8
UCvtJBm9C0rd6Py-GB8KLH1A,WQJqeEK7roA,전국에 기본소득당을 심자,2022-05-30T08:56:30Z,0h 0m 59s,1114,62,13
UCvtJBm9C0rd6Py-GB8KLH1A,ryBypksWXxw,"기재부의 재정쿠데타, 반대 있습니다",2022-05-30T03:57:38Z,0h 6m 27s,248,20,1
UCvtJBm9C0rd6Py-GB8KLH1A,Eqb3n0ApTb4,경상북도의회 비례대표 후보 홍순영 토론회 하이라이트 | #기본소득당 #페미니스트,2022-05-29T11:17:42Z,0h 17m 32s,415,11,2
UCvtJBm9C0rd6Py-GB8KLH1A,i9gCdu4fE6M,대전시의회의원선거 토론회 양다혜 대변인 하이라이트 | #기본소득당,2022-05-29T07:27:20Z,0h 7m 51s,571,6,2
UCvtJBm9C0rd6Py-GB8KLH1A,kB1qXzkof5o,페미니스트 정치 #정당투표는기본소득당,2022-05-28T07:55:45Z,0h 1m 0s,688,22,3
UCvtJBm9C0rd6Py-GB8KLH1A,y5k-Xxw9xOs,광주광역시장 후보 문현철 토론회 하이라이트 | #기본소득당,2022-05-28T06:36:38Z,0h 26m 52s,292,11,0
UCvtJBm9C0rd6Py-GB8KLH1A,tugXepFMSTc,"#소리좌 막차탑니다, 근데 이제 당대표를 곁들인",2022-05-27T05:01:41Z,0h 0m 53s,5995,145,12
UCvtJBm9C0rd6Py-GB8KLH1A,TNh2LyBRvXk,🕯경기도지사 후보 서태성 토론회 하이라이트 | #기본소득당,2022-05-26T09:18:26Z,0h 14m 50s,158,14,2
UCvtJBm9C0rd6Py-GB8KLH1A,5dOcENUOAzI,변화를 이끌 대안정당에 투자하세요 #정당투표는기본소득당,2022-05-26T06:39:00Z,0h 1m 1s,654,30,2
UCvtJBm9C0rd6Py-GB8KLH1A,mbsDVw9CyBU,월미도 소울리스좌 #정당투표는기본소득당,2022-05-25T09:21:46Z,0h 0m 54s,3942,66,12
UCvtJBm9C0rd6Py-GB8KLH1A,x6NS-O3BOgg,물에 빠진 시장후보 #정당투표는기본소득당,2022-05-25T05:15:27Z,0h 0m 52s,466,23,1
UCvtJBm9C0rd6Py-GB8KLH1A,oQosR4TcCY0,바다에 빠진 시장후보,2022-05-24T06:18:32Z,0h 10m 31s,392,17,6
UCvtJBm9C0rd6Py-GB8KLH1A,D3HADxJcsbk,"[Playlist] 당신을 위로할 노래 1시간 듣기 comfort, cheer song 1 hour play | #기본소득당",2022-05-23T09:05:37Z,1h 23m 24s,351,15,2
UCvtJBm9C0rd6Py-GB8KLH1A,9Autp4Ff6S0,꼭 서울이 아니더라도 #정당투표는기본소득당 #젊은정치인,2022-05-22T10:36:19Z,0h 1m 1s,396,14,1
UCvtJBm9C0rd6Py-GB8KLH1A,WhRrdatsU38,제가 갑니다 시의회,2022-05-21T09:43:58Z,0h 1m 0s,518,24,2
UCvtJBm9C0rd6Py-GB8KLH1A,SSr9PBMB2Ig,국민의힘 이준석 대표와 윤석열 대통령에게,2022-05-20T10:37:19Z,0h 0m 58s,370,15,2
UCvtJBm9C0rd6Py-GB8KLH1A,e5PUcynmtPY,민주노총이 허락한 단일화,2022-05-20T08:26:32Z,0h 0m 59s,581,12,2
UCvtJBm9C0rd6Py-GB8KLH1A,5xhXwTfoLPI,오징어게임 도지사 서태성 #정당투표는기본소득당,2022-05-19T08:57:23Z,0h 0m 22s,458,13,3
UCvtJBm9C0rd6Py-GB8KLH1A,p0EeiiIvkCs,선거운동 첫날아침 #정당투표는기본소득당,2022-05-19T05:51:32Z,0h 1m 0s,609,20,0
UCvtJBm9C0rd6Py-GB8KLH1A,ha2L5gjG_7k,기본소득당 지방선거 티저 | #기본소득당,2022-05-18T14:30:09Z,0h 1m 2s,327,20,4
UCvtJBm9C0rd6Py-GB8KLH1A,noWK5go12io,"윤석열 인선, 성폭력 가해자 정치인에 반대한다 💪#페미니스트후보 #지방선거 #기본소득당",2022-05-18T11:13:53Z,0h 1m 0s,400,25,0
UCvtJBm9C0rd6Py-GB8KLH1A,ztW5t4Z-Urw,여성과 소수자를 대변할 페미니스트 정치인,2022-05-17T12:54:21Z,0h 1m 0s,8421,58,33
UCvtJBm9C0rd6Py-GB8KLH1A,DPF7Hy92voI,"🔥강남역 살인사건 6주기, 성평등 정치로 교체!🔥",2022-05-17T07:03:05Z,0h 1m 0s,2317,16,2
UCvtJBm9C0rd6Py-GB8KLH1A,xyACSqsFWWA,우리가 원하는 것을 이뤄낼 때입니다 | #서태성 #경기도지사,2022-05-17T01:59:42Z,0h 0m 59s,618,12,2
UCvtJBm9C0rd6Py-GB8KLH1A,v8EsrPF2nGw,서울에 당신의 바람을 🌪 | #신지혜 #서울시장,2022-05-16T04:44:39Z,0h 1m 0s,366,19,0
UCvtJBm9C0rd6Py-GB8KLH1A,B52b1rd-FIc,신지예 논란 종결합니다,2022-05-13T12:23:58Z,0h 0m 54s,791,27,16
UCvtJBm9C0rd6Py-GB8KLH1A,nJwqoZZXrY0,"[ᴘʟᴀʏʟɪsᴛ] 나른한 오후, 점심시간에 듣기 좋은 문현철 선거송 4시간 🎶 | 광고없는 노래모음 | 노동요 플레이리스트",2022-05-13T07:33:31Z,4h 0m 9s,478,11,2
UCvtJBm9C0rd6Py-GB8KLH1A,DV5HGE_JKYs,"별 볼 일 있는 인천, 김한별과 함께 만들어요 | #김한별 #인천시장",2022-05-13T07:24:40Z,0h 2m 8s,664,22,9
UCvtJBm9C0rd6Py-GB8KLH1A,RB2Jovvy24k,"기본부터 다른 후보, 문현철입니다 | #문현철 #광주시장",2022-05-12T08:52:33Z,0h 2m 8s,696,21,1
UCvtJBm9C0rd6Py-GB8KLH1A,ZU555k4f9ac,"진짜 컬러풀 대구, 신원호가 만들겠습니다 | #신원호 #대구시장",2022-05-12T01:01:37Z,0h 1m 50s,590,20,6
UCvtJBm9C0rd6Py-GB8KLH1A,eemAw1iUXQc,윤석열 취임식 직캠,2022-05-11T09:58:52Z,0h 0m 55s,6167,89,21
UCvtJBm9C0rd6Py-GB8KLH1A,V7j-nTkifw8,기본소득을 도입할 페미니스트들의 출범식 | #기본소득당 #베이직페미,2022-05-10T12:08:27Z,0h 2m 23s,1993,20,20
UCvtJBm9C0rd6Py-GB8KLH1A,HOJS_1UPocg,70조가 넘는 은행이 1조7천에 넘어갔다,2022-05-10T08:40:44Z,0h 0m 53s,1968,36,9
UCvtJBm9C0rd6Py-GB8KLH1A,HgiZNreF3gY,서울에 당신의 바람을 🌪  | #신지혜 #서울시장,2022-05-10T05:40:02Z,0h 2m 19s,547,17,3
UCvtJBm9C0rd6Py-GB8KLH1A,_MPyx5s_ejM,우리가 원하는 것을 이뤄낼 때입니다 | #서태성 #경기도지사,2022-05-09T09:00:48Z,0h 2m 4s,505,16,9
UCvtJBm9C0rd6Py-GB8KLH1A,RpfqHEBTbOI,유류세 누가 다 먹었나? #정당투표는기본소득당,2022-05-03T08:31:25Z,0h 0m 54s,165,10,1
UCvtJBm9C0rd6Py-GB8KLH1A,qrWf0LPSyv0,병사월급 200만원 공약 빠졌다,2022-05-02T09:55:48Z,0h 0m 55s,193,16,2
UCvtJBm9C0rd6Py-GB8KLH1A,O99BcEBGTf8,문현철은 배고픕니다 #정당투표는기본소득당,2022-04-27T06:20:49Z,0h 0m 29s,352,23,0
UCvtJBm9C0rd6Py-GB8KLH1A,EdxOuY-1wvI,광주시장 후보 문현철 출마 쇼케이스 | #기본소득당 #문현철,2022-04-26T11:39:38Z,1h 31m 40s,511,15,0
UCvtJBm9C0rd6Py-GB8KLH1A,-E-N52QPPDc,"지하철시위, 국회의원의 사과",2022-04-22T09:42:52Z,0h 0m 53s,3399,39,16
UCvtJBm9C0rd6Py-GB8KLH1A,SlFqCFZGNKs,최연소 전국제패 #정당투표는기본소득당,2022-04-13T08:57:09Z,0h 0m 33s,305,20,5
UCvtJBm9C0rd6Py-GB8KLH1A,9t2HAkl4HvY,"다시 한번, 서울시장 후보 신지혜입니다",2022-03-24T09:13:32Z,0h 2m 43s,473,23,5
UCvtJBm9C0rd6Py-GB8KLH1A,43ipsdUTWhQ,"광주 대표 기본소득 정치인, 문현철",2022-03-24T09:13:21Z,0h 2m 8s,423,16,6
UCvtJBm9C0rd6Py-GB8KLH1A,RHApWaqeOq4,"기본소득 경기도, 서태성이 키워갑니다",2022-03-24T09:13:10Z,0h 2m 26s,300,19,2
UCvtJBm9C0rd6Py-GB8KLH1A,frui3omwL3M,"반짝반짝 인천, 김한별이 만듭니다",2022-03-24T09:12:57Z,0h 2m 34s,307,13,2
UCvtJBm9C0rd6Py-GB8KLH1A,zNsLTm9-J0U,"대구 기본소득, 신원호가 시작합니다",2022-03-24T09:12:45Z,0h 3m 12s,444,25,3
UCvtJBm9C0rd6Py-GB8KLH1A,Y1eF9-ek7Pw,"투표 전날, 마지막 말씀을 드립니다 | #기본소득당",2022-03-08T19:15:49Z,0h 6m 53s,783,40,9
UCvtJBm9C0rd6Py-GB8KLH1A,vykb_nmw2SU,진짜 기본소득 후보는 오준호 입니다 | #오준호 #이재명 #대통령선거,2022-03-08T05:55:40Z,0h 1m 1s,711,25,4
UCvtJBm9C0rd6Py-GB8KLH1A,uqkzFXJONsI,[용오상박] 2027년 기본소득 대한민국에서 걸려온 전화 | #기본소득당 #오준호,2022-03-07T13:01:08Z,0h 52m 31s,535,34,3
UCvtJBm9C0rd6Py-GB8KLH1A,4Lwp4i022q4,"윤석열 후보님, 재원계획 속이지 말고 기본소득 복지국가로 갑시다 | #오준호 #윤석열 #대선토론회",2022-03-07T13:00:27Z,0h 0m 59s,2070,47,2
UCvtJBm9C0rd6Py-GB8KLH1A,9TAIU9LCvo4,"심상정 후보님, 그정도 예산과 재원으로는 북유럽식 복지국가 불가능합니다 | #대선토론회 #오준호 #심상정",2022-03-06T12:09:40Z,0h 1m 1s,225,18,3
UCvtJBm9C0rd6Py-GB8KLH1A,NgswhNawrTs,감미롭게 리듬을 타는 당대표와 원내대표,2022-03-05T11:38:04Z,0h 1m 0s,420,33,3
UCvtJBm9C0rd6Py-GB8KLH1A,s3hkQIDtQqk,주 4일제? 120시간 노동? 정답은 기본소득 #오준호 #심상정 #윤석열,2022-03-04T12:07:20Z,0h 1m 0s,677,34,6
UCvtJBm9C0rd6Py-GB8KLH1A,xMkrWkeouoo,대선후보 REMIX,2022-03-04T09:56:23Z,0h 0m 42s,442,32,1
UCvtJBm9C0rd6Py-GB8KLH1A,fMcLfM2R4Io,대구에 민초단이 떴다! | #기본소득당,2022-03-04T03:51:18Z,0h 1m 28s,310,17,4
UCvtJBm9C0rd6Py-GB8KLH1A,dHwjNaxPRdw,[오손도손] 독서모임에서 만난 대통령 후보 | #기본소득당 #오준호,2022-03-03T12:07:11Z,0h 21m 23s,196,19,2
UCvtJBm9C0rd6Py-GB8KLH1A,Ii3Ym0-dWGY,[기대해 60초] 생활동반자법 없는 2022년이 말이 되냐구우~,2022-03-02T09:42:37Z,0h 0m 49s,320,26,7
UCvtJBm9C0rd6Py-GB8KLH1A,RwnM1nmSNE8,"이번 선거, 이재명이냐 윤석열이냐 하는 선거 아닙니다 | #기본소득당 #오준호 #부산",2022-03-02T08:23:46Z,0h 5m 29s,321,33,5
UCvtJBm9C0rd6Py-GB8KLH1A,zGqgWBnm7P4,변희수 하사를 기억합니다 | #기본소득당 #오준호 #차별금지법,2022-03-02T05:39:45Z,0h 1m 0s,309,24,4
UCvtJBm9C0rd6Py-GB8KLH1A,V0bGfxcJnpo,변희수 하사가 꿈꾸던 세상을 이루겠습니다 | #기본소득당 #오준호,2022-03-01T11:00:45Z,0h 1m 35s,120,19,2
UCvtJBm9C0rd6Py-GB8KLH1A,RHKT4MyV0zo,#우크라이나 는 동맹을 갖추지 못했다?,2022-03-01T09:48:22Z,0h 0m 54s,1637,42,10
UCvtJBm9C0rd6Py-GB8KLH1A,mnU5ZfZmqSw,[기대해 60초] 디지털 성범죄에 대한 솜방망이 처벌이 계속되는 이유,2022-02-28T11:06:34Z,0h 1m 0s,245,13,1
UCvtJBm9C0rd6Py-GB8KLH1A,AqFKds4vpmo,[용오상박] 소수정당의 목소리가 국회에 나와야 사회변화 가능합니다 | #기본소득당 #오준호,2022-02-28T10:30:42Z,0h 51m 33s,431,43,4
UCvtJBm9C0rd6Py-GB8KLH1A,n-FJvFENdig,송파 세 모녀를 기억하며 '소득보장의 날'을 선포합니다,2022-02-28T06:47:05Z,0h 1m 0s,194,24,1
UCvtJBm9C0rd6Py-GB8KLH1A,MKBWywUvggc,기본소득당의 해리포터🤸‍♂️ 오준호가 출마한 진짜 이유,2022-02-26T10:07:11Z,0h 0m 55s,361,30,2
UCvtJBm9C0rd6Py-GB8KLH1A,E8OCMJox3mM,동물의 권리를 말하는 대통령,2022-02-25T07:02:32Z,0h 0m 34s,253,18,1
UCvtJBm9C0rd6Py-GB8KLH1A,SmX9NdGseug,윤석열은 기본소득 받았다,2022-02-24T04:57:38Z,0h 0m 43s,333,32,3
UCvtJBm9C0rd6Py-GB8KLH1A,a4p0V1AbcFY,[기대해 60초] 성폭력 가해자에게 질문하고 책임을 묻는 법,2022-02-23T13:53:16Z,0h 0m 48s,203,17,1
UCvtJBm9C0rd6Py-GB8KLH1A,VDb19QqotLg,"[용오상박] 정의당의 새 당명, 재정건전당 추천합니다 | #기본소득당 #오준호 #심상정",2022-02-23T09:39:12Z,0h 34m 50s,404,27,1
UCvtJBm9C0rd6Py-GB8KLH1A,MxUqDpXLUnQ,오준호 TV토론 등판,2022-02-23T07:50:34Z,0h 0m 51s,509,32,6
UCvtJBm9C0rd6Py-GB8KLH1A,NcO3chW0luc,"위험한 노동에 내몰리는 사람 없도록, 기본소득 대한민국 #기본소득 #안전",2022-02-23T06:30:32Z,0h 0m 57s,244,16,0
UCvtJBm9C0rd6Py-GB8KLH1A,k5uuMAeS1As,이제 국가가 모든 국민에게 최소한의 소득을 보장합시다 | #기본소득당 #대선토론 #오준호 #하이라이트,2022-02-23T04:56:30Z,0h 13m 20s,928,32,6
UCvtJBm9C0rd6Py-GB8KLH1A,H1VgnP8XgOM,대선토론회 기호 5번 오준호 응원방 | #기본소득당,2022-02-22T17:05:34Z,2h 28m 33s,1251,41,3
UCvtJBm9C0rd6Py-GB8KLH1A,OQJ305oBnKE,"닭, 고라니, 도요물떼새, 밍크고래가 청와대 앞에서 권리를 외치다",2022-02-22T08:20:58Z,0h 0m 59s,926,14,2
UCvtJBm9C0rd6Py-GB8KLH1A,_oQnW8RPJiI,동물과 자연의 권리를 보장하는 대통령이 필요합니다  | #기본소득당 #오준호 #동물권 #기후위기,2022-02-22T07:25:10Z,0h 9m 26s,87,14,0
UCvtJBm9C0rd6Py-GB8KLH1A,q8-5lxOeNN4,기대캠프 캠페인 No.3 플랫폼 대기업이 독점하는 데이터 수익을 모두에게! #구글 #페이스북 #애플 #아마존,2022-02-22T05:35:35Z,0h 0m 55s,86,9,1
UCvtJBm9C0rd6Py-GB8KLH1A,mV2pVHzWUGM,[기대해 60초] 가정폭력의 해결은 ‘가정 유지·보호’가 아닌 ‘피해자 인권 회복’,2022-02-21T10:56:10Z,0h 0m 58s,105,9,0
UCvtJBm9C0rd6Py-GB8KLH1A,50FIp-UZe7E,[FULL ALBUM] 기호 5번 오준호 선거송 전곡듣기 🎵  | #기본소득당,2022-02-21T09:50:27Z,0h 2m 58s,2737,38,7
UCvtJBm9C0rd6Py-GB8KLH1A,VBYfMWGLLt4,토요일! 토요일은 오준호 | #기본소득당,2022-02-19T11:01:03Z,1h 43m 57s,529,22,3
UCvtJBm9C0rd6Py-GB8KLH1A,l0sk1aADDzQ,[기대해 60초] 당신의 정체성은 어떻게 만들어 지나요?,2022-02-19T06:55:22Z,0h 1m 0s,420,27,4
UCvtJBm9C0rd6Py-GB8KLH1A,ZW8jLpY6RDE,누구나 나답게 기본소득 대한민국 기본소득당 대통령 후보 기호5번 오준호 #포스터 #민트,2022-02-18T10:28:16Z,0h 0m 16s,730,19,3
UCvtJBm9C0rd6Py-GB8KLH1A,bdoewiNXMSE,심상정은 한푼도 안준다,2022-02-18T09:20:27Z,0h 0m 35s,167,16,3
UCvtJBm9C0rd6Py-GB8KLH1A,WL00i7KJCvs,진부하고 낡은 진보를 진보라고 할 수 있겠습니까?,2022-02-18T08:20:47Z,0h 0m 56s,437,13,0
UCvtJBm9C0rd6Py-GB8KLH1A,tohdA4cZrro,"진부하고 낡은 진보, 이제 기본소득당 오준호로 새로고침 합시다 | #기본소득당 #오준호 #심상정",2022-02-18T07:49:58Z,0h 4m 22s,346,13,3
UCvtJBm9C0rd6Py-GB8KLH1A,ksbUpZclRqg,기대캠프 캠페인 No.2 #과로 로인한 #번아웃 에는 #기본소득 #주3일휴일제 #개비스콘,2022-02-17T08:59:32Z,0h 0m 16s,2258,24,9
UCvtJBm9C0rd6Py-GB8KLH1A,533sYdv_XUs,대선후보 모두까는 오준호 : 기본소득 일타강사 | #기본소득당,2022-02-17T05:22:01Z,0h 24m 27s,527,27,12
UCvtJBm9C0rd6Py-GB8KLH1A,1suNpvJANlI,"모두가 능력을 발휘할 수 있는 나라, 기본소득 대한민국입니다 #기본소득당 #오준호 #대통령선거",2022-02-16T04:09:05Z,0h 1m 1s,100,10,0
UCvtJBm9C0rd6Py-GB8KLH1A,D1SH5acX5E8,기대캠프 유세 No.1 대선골든벨 #대선 #기본소득 #골든벨,2022-02-15T11:33:25Z,0h 0m 22s,128,11,0
UCvtJBm9C0rd6Py-GB8KLH1A,4mbHc3n0uvI,눈보라속❄️첫 연설,2022-02-15T10:12:03Z,0h 0m 48s,117,10,1
UCvtJBm9C0rd6Py-GB8KLH1A,0YtATDzZevk,안철수 vs 오준호 기본소득 가상토론🧨,2022-02-15T08:58:48Z,0h 0m 58s,3476,57,2
UCvtJBm9C0rd6Py-GB8KLH1A,7A1lK8z9rfY,눈보라 속 오준호 후보의 첫 연설,2022-02-15T07:00:50Z,0h 4m 7s,3814,71,29
UCvtJBm9C0rd6Py-GB8KLH1A,apdPaWZa_00,"[기대해60초] 동물학대, 버려지는 동물 없는 대한민국 #펫샵금지 #펫샵반대 #사지말고입양하세요",2022-02-14T12:16:20Z,0h 0m 49s,405,25,2
UCvtJBm9C0rd6Py-GB8KLH1A,SbSzTVRAnrs,"[용오상박] 단일화 던진 안철수, 대선에서 철수하라 | #기본소득당",2022-02-14T10:30:01Z,0h 40m 25s,376,34,6
UCvtJBm9C0rd6Py-GB8KLH1A,drx5uEcaVYM,[가상5자토론] 대선후보 소득정책 비교해보니 역시 오준호 뿐! | #기본소득당 #대선후보 #오준호,2022-02-14T02:24:44Z,0h 13m 5s,933,37,4
UCvtJBm9C0rd6Py-GB8KLH1A,Ga89iLqI0cQ,"[기대해60초] 윤석열 망언, 성차별은 없다?! 있다!",2022-02-11T09:07:52Z,0h 0m 57s,1489,61,6
UCvtJBm9C0rd6Py-GB8KLH1A,FUmtykbaxl4,"윤석열vs오준호, 부동산 가상토론🤯",2022-02-11T03:20:01Z,0h 1m 0s,1842,41,1
UCvtJBm9C0rd6Py-GB8KLH1A,Zef_p7npcm4,"[기대해60초] 스트리머의 극단적 선택, 국가에도 책임이 있다",2022-02-10T09:51:11Z,0h 0m 52s,167,9,0
UCvtJBm9C0rd6Py-GB8KLH1A,IaS3RCtfjfM,아직 4자토론만 보셨다면? 다섯 번째 후보의 등장!,2022-02-09T04:32:19Z,0h 0m 40s,121,11,0
UCvtJBm9C0rd6Py-GB8KLH1A,skd_I1_qrqI,[용오상박] 이재명에게 부족한 건 준비가 아니라 용기다 | #기본소득당,2022-02-07T10:35:03Z,0h 57m 29s,358,42,3
UCvtJBm9C0rd6Py-GB8KLH1A,OowynhfQodI,"[가상5자토론] 오준호 VS 이재명, 윤석열, 심상정, 안철수 토론대결 | #기본소득당 #대선후보 #오준호 #대선토론",2022-02-07T02:00:05Z,0h 18m 32s,3630,61,9
UCvtJBm9C0rd6Py-GB8KLH1A,UPNH_KEEJhI,이재명은 합니다➡안 할 수도 있습니다? | #오준호 #기본소득당 #대선 #이재명,2022-02-04T09:55:47Z,0h 0m 42s,4362,35,4
UCvtJBm9C0rd6Py-GB8KLH1A,PsjZa5GPm8k,[나돈너그] 당신에게 매달 65만 원이 생긴다면?!  | #기본소득당 #2030 #MZ,2022-02-03T08:57:34Z,0h 6m 6s,289,19,2
UCvtJBm9C0rd6Py-GB8KLH1A,RB4bpFEqZDI,[나돈너그] 기본소득 댓글 읽기 | #기본소득당 #댓글읽기,2022-02-02T03:00:08Z,0h 5m 12s,178,18,1
UCvtJBm9C0rd6Py-GB8KLH1A,2SW48SiD5ps,[나돈너그] 과거를 바꿀 수 있다면🧸 | #기본소득당 #기본소득 #타임머신 #인생터뷰,2022-02-01T03:00:01Z,0h 7m 22s,127,18,0
UCvtJBm9C0rd6Py-GB8KLH1A,hbAvjMGPZVQ,기본소득 대한민국이 될 2022년 새해가 밝았습니다 | #기본소득당 #오준호 #새해인사,2022-01-29T00:00:30Z,0h 2m 0s,211,17,1
UCvtJBm9C0rd6Py-GB8KLH1A,BbTyazUck6M,[기대해60초] 태종 이방원이 쏘아올린 동물착취,2022-01-28T12:05:14Z,0h 1m 0s,1734,31,0
UCvtJBm9C0rd6Py-GB8KLH1A,73ep-bVctqk,"윤석열 선제타격🏹 발언, 센 척하다 국제망신 당합니다",2022-01-28T04:51:55Z,0h 0m 45s,164,18,5
UCvtJBm9C0rd6Py-GB8KLH1A,ysGTv9cIWyY,[기본소득 일타강사] 이재명 말고 오준호가 합니다 | #기본소득당 #오준호 #이재명 #기본소득,2022-01-26T09:00:35Z,0h 32m 33s,186,15,1
UCvtJBm9C0rd6Py-GB8KLH1A,-B-DJSx-0ac,"[용오상박] 거대양당 후보만 바라보는 언론, 국민 알권리 침해! ㅣ#기본소득당 #오준호 #용혜인 #대선후보 #공약",2022-01-25T12:20:56Z,0h 24m 6s,203,20,1
UCvtJBm9C0rd6Py-GB8KLH1A,tabzPUwgOIc,"이재명 후보, 이길 마음 있습니까?",2022-01-25T06:27:03Z,0h 0m 38s,929,17,1
UCvtJBm9C0rd6Py-GB8KLH1A,m9RezJzqe7A,"누구의 공정과 정의입니까? 여성들의 목소리 사라진 대선, 이렇게 하겠습니다",2022-01-24T08:45:43Z,0h 0m 49s,78,13,0
UCvtJBm9C0rd6Py-GB8KLH1A,LUUs3wq0iBc,주군을 제끼고👑 출마한 대통령후보? #nextlevel,2022-01-21T09:00:10Z,0h 0m 31s,205,10,0
UCvtJBm9C0rd6Py-GB8KLH1A,TCsd_nm0qG8,‘이재명보다 충분한’ 오준호표 기본소득🌎 전 세계가 우릴 주목해 | #BIEN #이재명 #오준호 #기본소득,2022-01-20T08:17:27Z,0h 7m 0s,188,18,0
UCvtJBm9C0rd6Py-GB8KLH1A,G0BEJJSZDe4,창당2주년🎉기본소득당 정당연설회 (폭설🌨주의),2022-01-19T11:20:10Z,1h 5m 11s,274,25,0
UCvtJBm9C0rd6Py-GB8KLH1A,gi2eyzS-c6Y,[OFF준호] 대통령후보의 딸로 산다는 것은...🤔 | #기본소득당 #오준호 #출마 #딸반응,2022-01-19T05:58:33Z,0h 0m 29s,479,18,0
UCvtJBm9C0rd6Py-GB8KLH1A,M19OXRZ_HpY,[용오상박] 심상정 후보와 김건희 씨에게 할 말 있습니다✋ | #기본소득당 #오준호 #용혜인 #심상정 #김건희,2022-01-18T04:40:43Z,0h 16m 4s,218,13,0
UCvtJBm9C0rd6Py-GB8KLH1A,UxvM0siqOJ8,[ON준호] 기본소득💲 준다고 불평등 해소가 돼? | #기본소득당 #오준호 #기본소득,2022-01-17T09:34:08Z,0h 0m 52s,408,17,1
UCvtJBm9C0rd6Py-GB8KLH1A,nD7On6znR5k,"여기, 이대녀가 있다: 2022 서프러제트 선언📜 | #기본소득당 #오준호 #용혜인 #페미니즘 #서프러제트",2022-01-14T09:00:34Z,0h 0m 56s,455,17,1
UCvtJBm9C0rd6Py-GB8KLH1A,C12deAl7mqY,[ON준호] 심상정 후보는 왜🤷 기본소득 안 하나요? | #정의당 #심상정 #시민최저소득 #기본소득당 #오준호,2022-01-14T05:00:08Z,0h 0m 49s,487,11,0
UCvtJBm9C0rd6Py-GB8KLH1A,Vo2wIne75AY,"[ON준호] 정의당 심상정, '구린노믹스'부터 중단해야❌ | #심상정 #그린노믹스 #기본소득당 #그린뉴딜 #오준호",2022-01-13T08:30:05Z,0h 0m 47s,207,2,0
UCvtJBm9C0rd6Py-GB8KLH1A,jDGfSZDB4i8,[오후의 인터뷰] 이재명 때문에 출마해버린 사람🙋‍♂️ 대선 출마 소식 들은 딸 반응은?  feat. 용혜인 의원 | #기본소득당 #용혜인 #이재명 #오준호,2022-01-13T00:29:12Z,0h 37m 22s,211,18,1
UCvtJBm9C0rd6Py-GB8KLH1A,tO7pgFvIaG0,[ON준호] 청년에게 기본소득 먼저 줘야하는 거 아니야?🤷 | #기본소득당 #오준호 #청년 #기본소득,2022-01-12T05:00:19Z,0h 0m 59s,140,6,0
UCvtJBm9C0rd6Py-GB8KLH1A,3cysRnP5QLI,[OFF준호] 피아노🎹 치는 대통령 후보는 처음이지? | #기본소득당 #대선후보 #오준호 #피아노,2022-01-11T10:39:51Z,0h 0m 40s,1328,28,3
UCvtJBm9C0rd6Py-GB8KLH1A,n3vDz7Yn1s4,[ON준호] 청년은 남성뿐❓이라는 거대양당 후보들 대통령 자격 있습니까 | #기본소득당 #오준호 #페미니즘 #성평등,2022-01-11T06:15:42Z,0h 0m 40s,448,15,0
UCvtJBm9C0rd6Py-GB8KLH1A,aHMyIFaPC88,[OFF준호] 즐겁고 자신감 있고 지적이고 유머러스한😆 사진촬영이 끝나고 | #기본소득당 #대통령후보 #오준호,2022-01-10T05:00:00Z,0h 0m 35s,176,9,0
UCvtJBm9C0rd6Py-GB8KLH1A,ddWrwGTAL6I,눈 떠보니 작가에서 대선 후보가 되었다?!  | #기본소득당 #대선후보 #오준호,2022-01-08T04:43:11Z,0h 14m 15s,218,23,3
UCvtJBm9C0rd6Py-GB8KLH1A,1s-N324MU_c,[ON준호] 🏠가구가 아니라 개개인한테 주는 이유 | #기본소득 #오준호 #기본소득당 #대통령후보,2022-01-06T08:19:02Z,0h 0m 51s,197,13,1
UCvtJBm9C0rd6Py-GB8KLH1A,wc3pwDq5okc,[ON준호] 이재명👉오준호로 '기본소득 후보' 교체할 때 | #기본소득당 #오준호 #이재명 #후보교체,2022-01-05T07:25:29Z,0h 0m 30s,508,9,1
UCvtJBm9C0rd6Py-GB8KLH1A,wcyDk3EZtck,"[ON준호] 기본소득, 왜 65만원인가요?💰 | #기본소득당 #오준호",2022-01-04T08:48:15Z,0h 1m 0s,2170,53,8
UCvtJBm9C0rd6Py-GB8KLH1A,UBhyMGSXWo0,[ON준호] 갓 태어난 아이👶도 기본소득 받을까? | #기본소득당 #오준호,2022-01-04T08:47:56Z,0h 1m 1s,174,10,1
UCvtJBm9C0rd6Py-GB8KLH1A,9cqiLqc5S_o,[ON준호] 기본소득을 왜 부자들한테도 주냐고요? (a.k.a.선별복지의 아이러니💸) | #기본소득당 #오준호 #아동수당,2022-01-03T04:28:21Z,0h 0m 34s,148,8,1
UCvtJBm9C0rd6Py-GB8KLH1A,D1JauGfXDHw,[OFF준호] 지지자분들께 크리스마스 메시지를 받았더니... | #기본소득당 #오준호 #산타파이브 #크리스마스,2021-12-30T09:15:01Z,0h 5m 55s,114,8,0
UCvtJBm9C0rd6Py-GB8KLH1A,Tq0e0xBWudg,[ON준호] 보편복지가 전체 복지수준을 향상시킬까?📈 | #기본소득당 #오준호,2021-12-30T09:01:34Z,0h 0m 59s,78,12,2
UCvtJBm9C0rd6Py-GB8KLH1A,7LRpNskfDMY,"[ON준호] 무상급식, 무상백신 다음은 현금💵?! | #기본소득당 #오준호 #아동수당",2021-12-30T05:46:04Z,0h 1m 1s,65,8,6
UCvtJBm9C0rd6Py-GB8KLH1A,MY_8_46yJsk,"[준호의 v-log] 2022년, 인간만이 아닌 다양한 종들의 삶을 위해서🐷 | #당신의얼굴 #비질 #전시 #기본소득당 #오준호",2021-12-29T09:03:43Z,0h 3m 52s,223,20,1
UCvtJBm9C0rd6Py-GB8KLH1A,6GZYbo5xgZQ,[준호의 v-log] 한국 최초 생활동반자법 체험 전시🎄🌈에 간 대통령후보| #사회적합의가족전展 #생활동반자법 #베이직페미 기본소득당 #오준호,2021-12-24T10:38:48Z,0h 2m 36s,149,15,0
UCvtJBm9C0rd6Py-GB8KLH1A,QB0e4lv2GZw,[OFF준호] 산책 필수💦 INTJ 대통령 후보를 소개합니다 | #기본소득당 #오준호 #산책,2021-12-22T08:09:56Z,0h 0m 30s,77,13,0
UCvtJBm9C0rd6Py-GB8KLH1A,KInNzcL-Pv4,[ON준호] 로또 당첨금 수령하다 번개 맞은 오준호⚡는 청와대로 가게 되는데... | #기본소득당 #오준호 #주진우라이브,2021-12-21T09:30:36Z,0h 0m 37s,344,20,4
UCvtJBm9C0rd6Py-GB8KLH1A,mn-TX0oVn2g,[OFF준호] 어디로 가세요… 호다닥ㄱ | #기본소득당 #오준호 #기본소득무새,2021-12-21T09:16:21Z,0h 0m 13s,151,18,0
UCvtJBm9C0rd6Py-GB8KLH1A,OryL0gmr_rE,[ON준호] 📻주진우라이브에 낯선 전문가가?  | #기본소득당 #오준호 #주진우라이브,2021-12-21T03:27:29Z,0h 0m 42s,172,14,1
UCvtJBm9C0rd6Py-GB8KLH1A,-cGUsVcfdtg,[ON준호] 토리🐶보다 유명해질 수 있을까? | #기본소득당 #오준호 #주진우라이브,2021-12-20T09:49:15Z,0h 0m 38s,132,12,2
UCvtJBm9C0rd6Py-GB8KLH1A,hqU3e4Rj4CI,[ON준호] 자신이 이재명인 것도 부정🤥하는 이재명후보?| #기본소득당 #오준호 #이재명,2021-12-20T05:31:36Z,0h 0m 33s,556,8,1
UCvtJBm9C0rd6Py-GB8KLH1A,WeetJ5LkoBU,[준호의 v-log] 국회의사당 산책 브이로그. 여의도 직장인이었다가 대선후보가😲돼서 국회의사당 산책하며 회상하기? | #기본소득당 #오준호 #국회보좌관,2021-12-17T12:10:20Z,0h 5m 41s,192,12,0
UCvtJBm9C0rd6Py-GB8KLH1A,E-ny9uv6qS8,[ON준호] 심상정 후보는 자선사업가? 시민최저소득은 땜질식 구제책🔨 | #기본소득당 #오준호 #심상정,2021-12-17T08:20:00Z,0h 0m 41s,642,15,2
UCvtJBm9C0rd6Py-GB8KLH1A,pa1I2M4zga8,"[ON준호] 불타는 지구!🌍🔥 기후위기 막는 단 하나의 해결책, 기본소득 | #기본소득당 #오준호 #기후위기 #탄소세 #그린뉴딜",2021-12-14T08:01:53Z,0h 0m 56s,100,8,1
UCvtJBm9C0rd6Py-GB8KLH1A,ySp-gzlKrsI,"[ON준호] 윤석열, 이재명 후보의 처참한 기후위기 인식🤦‍♂️ | #기본소득당 #오준호 #이재명 #윤석열 #기후위기",2021-12-14T08:01:08Z,0h 0m 58s,1571,12,1
UCvtJBm9C0rd6Py-GB8KLH1A,nZoDTYkBMEE,기본소득당 오준호 대선후보 수락연설 | #기본소득 #대한민국 #질문맨,2021-12-08T08:15:55Z,0h 13m 0s,158,7,3
UCvtJBm9C0rd6Py-GB8KLH1A,l0tPv_va6as,"[ON준호] 이재명 후보님, 이메일📧 지운다고 탄소감축 되겠습니까 | #기본소득당 #오준호 #이재명 #기후위기",2021-12-07T10:30:59Z,0h 0m 54s,681,15,2
UCvtJBm9C0rd6Py-GB8KLH1A,dSriwvtX_0o,"[ON준호] 기본소득 대한민국 VS 검찰공화국💣, 여러분의 선택은? | #기본소득당 #오준호 #윤석열",2021-12-06T08:06:50Z,0h 0m 46s,1292,24,3
UCvtJBm9C0rd6Py-GB8KLH1A,EYytCD4Szd0,[ON준호] 차별금지법과 기본소득의 상관관계🌈 | #기본소득당 #오준호 #차별금지법,2021-12-03T06:54:03Z,0h 0m 37s,1257,25,2
UCvtJBm9C0rd6Py-GB8KLH1A,NXMU7OobOlM,[ON준호] 이재명 기본소득 VS 오준호 기본소득🥊 | #기본소득당 #오준호 #이재명,2021-12-02T05:01:40Z,0h 0m 52s,5347,52,9
UCvtJBm9C0rd6Py-GB8KLH1A,TvooScM_zZg,[ON준호] 이재명이 기본소득 한다는데 왜 굳이 대선에 출마해?,2021-12-01T07:43:29Z,0h 0m 55s,1076,26,3
UCvtJBm9C0rd6Py-GB8KLH1A,nrnSHPQ59Ro,기본소득당 오준호 대선 예비후보 비전발표회,2021-11-25T12:05:01Z,1h 50m 17s,391,20,0
UCvtJBm9C0rd6Py-GB8KLH1A,gL8Zg3-Kjbs,"기본소득당 대통령 후보 오준호의 1️⃣호 공약은 ""월 65만 원 전국민 기본소득"" ㅣ #기본소득당_오준호",2021-11-23T11:27:23Z,0h 10m 33s,422,16,2
UCvtJBm9C0rd6Py-GB8KLH1A,Pp1Ze15eMbI,INTJ 오준호가 대통령 출마까지 결심하게 된 이유,2021-11-22T02:40:34Z,0h 10m 50s,1628,31,6
UCvtJBm9C0rd6Py-GB8KLH1A,Ubfff0V7XL0,기본소득 덕후들의 티타임 ☕,2021-11-20T07:03:50Z,1h 48m 49s,215,15,0
UCvtJBm9C0rd6Py-GB8KLH1A,QjhB-TPCFVs,[2021 당직선거] 광주기본소득당 공동위원장 후보 문현철,2021-11-17T08:21:14Z,0h 2m 22s,146,4,2
UCvtJBm9C0rd6Py-GB8KLH1A,c7CdvTjuGjg,[2021 당직선거] 광주기본소득당 상임위원장 후보 박은영,2021-11-17T08:21:11Z,0h 3m 36s,102,5,0
UCvtJBm9C0rd6Py-GB8KLH1A,5PNN0sxptr8,[2021 당직선거] 경기기본소득당 공동위원장 후보 서태성,2021-11-17T08:21:08Z,0h 1m 47s,82,2,0
UCvtJBm9C0rd6Py-GB8KLH1A,bM-Xu8dXlD0,[2021 당직선거] 경기기본소득당 상임위원장 후보 용혜인,2021-11-17T08:21:05Z,0h 1m 43s,152,6,0
UCvtJBm9C0rd6Py-GB8KLH1A,LBQ1Bd_nw7U,[2021 당직선거] 서울기본소득당 상임위원장 후보 신지혜,2021-11-17T08:21:02Z,0h 2m 42s,128,4,0
UCvtJBm9C0rd6Py-GB8KLH1A,FDSVAt3eQLg,[기본소득 대선] 기본소득당 대통령후보 출마자 오준호,2021-11-17T08:20:57Z,0h 13m 18s,1357,22,2
UCvtJBm9C0rd6Py-GB8KLH1A,TBZG7sRpHko,🎒심사없는 온종일돌봄체계로 돌봄격차를 해소하겠습니다,2021-11-04T10:02:02Z,0h 2m 14s,153,6,0
UCvtJBm9C0rd6Py-GB8KLH1A,4fF_SbmxeQs,"대한민국 녹색전환을 위한 마중물, 탄소세 기본소득🌿",2021-11-04T09:38:09Z,0h 2m 14s,61,6,0
UCvtJBm9C0rd6Py-GB8KLH1A,-dIU4gP20jI,"🤰🏻 저출산 대책, 성평등한 돌봄 시스템 마련이 먼저입니다",2021-11-04T09:20:48Z,0h 2m 15s,128,6,1
UCvtJBm9C0rd6Py-GB8KLH1A,dQUePbX4HSc,"부동산투기를 끊어낼 해법, 토지세기본소득🏘️ 그런데 이제 토지임대부공영개발을 곁들인",2021-11-04T08:28:40Z,0h 2m 14s,79,6,3
UCvtJBm9C0rd6Py-GB8KLH1A,jPG0C87FY4U,🏛️국회의 평균 나이를 확 낮출 청년국회4️⃣법,2021-11-04T07:39:32Z,0h 2m 23s,58,7,1
UCvtJBm9C0rd6Py-GB8KLH1A,Zs5CeqQVimQ,한국사회 10년의 설계도 ㅣ #한국사회_대전환을_위한_연속토론회,2021-10-19T03:02:33Z,1h 51m 10s,132,7,0
UCvtJBm9C0rd6Py-GB8KLH1A,S_u0zn5q55U,"70년 양당체제, 대안의 정치를 말하다"" 한국사회 대전환을 위한 연속 토론회",2021-10-05T03:08:22Z,1h 59m 9s,169,10,0
UCvtJBm9C0rd6Py-GB8KLH1A,Wa91UfCDGKU,기본소득정치공동행동 출범식 겸 정책토론회,2021-08-24T07:22:36Z,3h 2m 5s,861,64,6
UCvtJBm9C0rd6Py-GB8KLH1A,sPL2fgaWbQE,"2022 대선, 기득권 정치를 넘어 기본소득 정권창출로 나아가겠습니다✨",2021-07-30T02:58:13Z,0h 9m 57s,369,16,14
UCvtJBm9C0rd6Py-GB8KLH1A,YyMefTMwIcI,기본소득정치공동행동 출범 제안 기자회견,2021-07-14T00:39:54Z,0h 32m 16s,304,20,3
UCvtJBm9C0rd6Py-GB8KLH1A,ynehrV4_5dI,[기본소득 연합 토론회] 토지세와 탄소세,2021-06-24T07:23:45Z,2h 10m 10s,483,16,2
UCvtJBm9C0rd6Py-GB8KLH1A,wronqcnZeNw,[기호 6번 신지혜] 새로운 서울의 기본을 만들 기호 6번 신지혜에 투표해주세요,2021-04-06T17:01:13Z,0h 5m 10s,1494,21,28
UCvtJBm9C0rd6Py-GB8KLH1A,nLTJ7LQHnAg,[기호 6번 신지혜] 심상정 의원님을 만났습니다,2021-04-05T15:07:15Z,0h 5m 10s,1123,24,20
UCvtJBm9C0rd6Py-GB8KLH1A,nYC0zsjeMoo,이제는 실력있는 페미니스트 정치인에게서울의 내일을 맡겨주세요😎,2021-04-04T03:24:54Z,0h 1m 32s,8066,26,186
UCvtJBm9C0rd6Py-GB8KLH1A,4MOjGcRtJ7g,[기호 6번 신지혜] 🏘부동산 불평등 해결할 방안 가진 유일한 후보 신지혜입니다,2021-04-03T10:06:11Z,0h 3m 14s,320,17,2
UCvtJBm9C0rd6Py-GB8KLH1A,-QoyRVW6BaE,[기호 6번 신지혜] 신정웅 알바노조 위원장이 신지혜 후보를 지지하는 이유,2021-04-03T05:25:08Z,0h 2m 24s,343,12,2
UCvtJBm9C0rd6Py-GB8KLH1A,MNwmz-dF8i4,"[기호 6번 신지혜] 불평등 없는 서울, 기본소득/정의/녹색/미래/진보가 함께 만들겠습니다",2021-04-02T10:34:24Z,0h 5m 10s,313,18,2
UCvtJBm9C0rd6Py-GB8KLH1A,zUJ6utYvbV0,[기호 6번 신지혜] 점심에 듣기 좋은 선거송 🎶1시간 듣기 (광고 없음),2021-04-01T03:00:30Z,0h 59m 16s,894,18,10
UCvtJBm9C0rd6Py-GB8KLH1A,jLqt0gvvaz0,[서울시장 무야호] 그만큼 기호6번 지지하시는 거지,2021-03-31T15:00:22Z,0h 0m 27s,864,27,9
UCvtJBm9C0rd6Py-GB8KLH1A,jUHEd6gvPn0,[기호 6번 신지혜] 부동산🏠 불평등 문제 해결할 유일한 후보 신지혜,2021-03-31T08:28:21Z,0h 6m 30s,227,11,5
UCvtJBm9C0rd6Py-GB8KLH1A,xL7yrtzWkFA,[기호 6번 신지혜] 선거송🎵 안 될 거 없잖아 신지혜,2021-03-31T03:15:03Z,0h 1m 25s,2743,24,15
UCvtJBm9C0rd6Py-GB8KLH1A,duBZHqD3JYs,[기호 6번 신지혜] 선거송🎵 안 될 거 없잖아 기본소득 서울시장,2021-03-31T03:00:08Z,0h 1m 25s,1533,16,5
UCvtJBm9C0rd6Py-GB8KLH1A,mtHeq2OlxRw,[기호 6번 신지혜] 신지혜 후보와 함께 열어보는 공보물 언박싱🎁,2021-03-30T07:44:57Z,0h 8m 37s,336,15,5
UCvtJBm9C0rd6Py-GB8KLH1A,INDAaryEg88,[기호 6번 신지혜] 선거송🎵 기본소득으로 행복한 서울,2021-03-30T03:15:42Z,0h 1m 49s,3642,31,18
UCvtJBm9C0rd6Py-GB8KLH1A,HcgEPT7o9WA,[기호 6번 신지혜] 후보 토론회에서도 빛나는✨ 신지혜 후보,2021-03-29T13:49:56Z,0h 5m 42s,33176,108,271
UCvtJBm9C0rd6Py-GB8KLH1A,inFDmJH8Faw,[기호 6번 신지혜] 선거운동 시작했어요!,2021-03-28T07:59:29Z,0h 3m 57s,7045,49,228
UCvtJBm9C0rd6Py-GB8KLH1A,mVvzL3ZpbqY,"[정책어게인] 서울시장 후보 간담회, 기본소득당 신지혜 후보 vs 진보당 송명숙 후보",2021-03-19T11:59:49Z,1h 52m 12s,1714,30,15
UCvtJBm9C0rd6Py-GB8KLH1A,6IfFYXfPbaY,"[정당정책토론회] 코로나 대응방안과 경제대책, 기본소득당 신지혜가 정리해드림!",2021-03-15T09:13:03Z,0h 12m 52s,309,12,2
UCvtJBm9C0rd6Py-GB8KLH1A,cIGZBElv2PM,[신지혜백서] 몰라도 좋고 알면 더 좋은 신지혜의 TMI 19가지,2021-03-11T05:07:10Z,0h 7m 37s,3998,37,56
UCvtJBm9C0rd6Py-GB8KLH1A,X9o9nFP-K1Q,[신지혜백서] B대면서울시장 / 신지혜 후보에게 혜며든다...,2021-03-09T06:25:42Z,0h 5m 42s,1440,29,27
UCvtJBm9C0rd6Py-GB8KLH1A,EOQ6trf7RKI,[신지혜백서] 신지혜와 함께 서울시를 운영해보세요,2021-03-02T12:30:09Z,0h 9m 18s,706,26,19
UCvtJBm9C0rd6Py-GB8KLH1A,NuflYDXubao,기본소득연구포럼 2021년 1차 토론회,2021-02-23T07:05:39Z,1h 57m 57s,483,29,7
UCvtJBm9C0rd6Py-GB8KLH1A,6sYtceMmLRU,‘독자‧진보‧미래 제3지대’로 보궐선거 3자 구도 만들겠습니다 l #기본소득당 #신지혜 #서울시장,2021-02-04T08:29:13Z,0h 7m 57s,193,17,12
UCvtJBm9C0rd6Py-GB8KLH1A,T-KVOLzwbUI,"디지털 민주주의의 다음, 데이터 민주주의📊",2021-01-29T06:03:47Z,0h 11m 10s,184,10,6
UCvtJBm9C0rd6Py-GB8KLH1A,Q7GVJ6QWmMA,🙋기본소득 탄소세 Q&A  l 기본소득-탄소세 토론회 6탄,2021-01-27T04:00:03Z,0h 25m 0s,340,7,2
UCvtJBm9C0rd6Py-GB8KLH1A,VVBS-cREv48,"🌳탈탄소배당, 기본소득 그리고 기후정의 with 이은호 공동위원장님 l 기본소득-탄소세 토론회 5탄",2021-01-27T03:30:06Z,0h 20m 56s,54,4,0
UCvtJBm9C0rd6Py-GB8KLH1A,4nOfZPJT7GM,✨탄소세 - 기본소득이 특별한 이유 with 윤형중 연구위원님 l 기본소득-탄소세 토론회 4탄,2021-01-27T03:00:04Z,0h 16m 45s,62,5,0
UCvtJBm9C0rd6Py-GB8KLH1A,pX3w5YdGTIM,👍탄소세와 함께하는 정의로운 전환 with 이헌석 정책위원님 l 기본소득-탄소세 토론회 3탄,2021-01-27T02:30:07Z,0h 22m 11s,78,4,0
UCvtJBm9C0rd6Py-GB8KLH1A,3v2r6UJPMSc,"🟢기본소득 탄소세, 이렇게 하면 가능합니다 with 금민 소장님 l 기본소득-탄소세 토론회 2탄",2021-01-27T02:00:00Z,0h 20m 52s,106,12,0
UCvtJBm9C0rd6Py-GB8KLH1A,6GTNpw34Buo,💰기본소득 탄소세가 필요한 이유는? with 금민 소장님 l 기본소득-탄소세 토론회 1탄,2021-01-27T01:20:38Z,0h 23m 35s,381,14,6
UCvtJBm9C0rd6Py-GB8KLH1A,0egCW8VMuD8,아직도 불법촬영 초소형 카메라가 버젓이 팔리는 이유? / 기본소득당 신지혜,2021-01-26T05:43:14Z,0h 3m 52s,774,33,4
UCvtJBm9C0rd6Py-GB8KLH1A,jTkzer_tTOU,창당 1주년 기념 라이브 돌잔치,2021-01-19T11:35:56Z,1h 25m 20s,571,52,0
UCvtJBm9C0rd6Py-GB8KLH1A,WhJwvzZf5Bo,노동존중특별시를 넘어 안전노동특별시 서울로 ⛑,2021-01-18T01:36:31Z,0h 12m 3s,100,9,0
UCvtJBm9C0rd6Py-GB8KLH1A,Rf6GIGdf4Cg,신지혜 서울시장 후보와 함께하는 그린라이트 서울🟩💡,2021-01-07T12:37:08Z,0h 21m 17s,120,11,1
UCvtJBm9C0rd6Py-GB8KLH1A,vIoIozAJ68c,"성평등 서울을 만들, 페미니스트 여성 시장 신지혜입니다.",2020-12-22T10:13:12Z,0h 11m 3s,1512,21,30
UCvtJBm9C0rd6Py-GB8KLH1A,q2543FakM8A,[출마선언] 부동산 특별시 서울을 기본소득 특별시로!,2020-12-09T06:51:51Z,0h 7m 38s,546,25,13
UCvtJBm9C0rd6Py-GB8KLH1A,5AG0aMc8FO0,2021년에는 정기적으로 재난지원금을 지급해야합니다.(Short Ver.),2020-11-25T02:55:17Z,0h 1m 17s,334,29,3
UCvtJBm9C0rd6Py-GB8KLH1A,iFE3hG6iWNU,2021년에는 정기적으로 재난지원금을 지급해야합니다.(Full Ver.),2020-11-25T02:54:57Z,0h 1m 59s,654,35,6
UCvtJBm9C0rd6Py-GB8KLH1A,8m6SPSEs1iU,[정당정책토론회] 기소법정주의 도입과 성평등한 조직 혁신이 검찰개혁의 핵심 방향입니다,2020-11-17T10:38:54Z,0h 4m 39s,116,11,3
UCvtJBm9C0rd6Py-GB8KLH1A,yCvTbmSZ8YY,전국 당원들과 함께한 으랏차차 당원 워크샵,2020-11-13T07:55:21Z,0h 2m 58s,199,18,3
UCvtJBm9C0rd6Py-GB8KLH1A,tAcTNASNhdg,2020 기본소득당을 돌아보며,2020-11-12T08:22:12Z,0h 5m 9s,234,29,3
UCvtJBm9C0rd6Py-GB8KLH1A,fNTdCsIxmxA,2021년 전국민 재난지원금 지급을 위한 예산 편성이 필요합니다!,2020-11-04T11:29:52Z,0h 6m 6s,683,27,12
UCvtJBm9C0rd6Py-GB8KLH1A,6LK69QS0UaM,신지혜 대표와 용혜인 의원이 차세대 리더로 선정!,2020-11-03T07:12:59Z,0h 1m 56s,154,23,3
UCvtJBm9C0rd6Py-GB8KLH1A,VwC3M-ktZzc,"기본소득 도입 방안, 4개 정당과 함께 알아보자!",2020-10-13T02:12:35Z,2h 3m 57s,264,24,7
UCvtJBm9C0rd6Py-GB8KLH1A,eDN7AE1DeG0,"모두에게 매월 60만 원, 기본소득당을 소개합니다🎉",2020-09-14T08:41:58Z,0h 3m 41s,888,28,36
UCvtJBm9C0rd6Py-GB8KLH1A,lXS4DXgLwI8,[하반기 당직선거] 수도권 전국운영위원 이유주 후보,2020-09-11T02:03:40Z,0h 2m 19s,189,10,2
UCvtJBm9C0rd6Py-GB8KLH1A,CWXeyYbqUJA,[하반기 당직선거] 수도권 전국운영위원 강은실 후보,2020-09-11T02:02:41Z,0h 3m 6s,99,5,1
UCvtJBm9C0rd6Py-GB8KLH1A,SfuWVJmAYpw,[하반기 당직선거] 수도권 전국운영위원 김규리 후보,2020-09-11T01:57:53Z,0h 2m 13s,72,6,1
UCvtJBm9C0rd6Py-GB8KLH1A,KmHxEXEhwz4,[하반기 당직선거] 수도권 전국운영위원 양부현 후보,2020-09-11T01:52:44Z,0h 3m 3s,50,4,0
UCvtJBm9C0rd6Py-GB8KLH1A,Fqr_Ae_Owmw,[하반기 당직선거] 수도권 전국운영위원 김정우 후보,2020-09-11T01:49:14Z,0h 1m 45s,73,3,0
UCvtJBm9C0rd6Py-GB8KLH1A,1EH4mw0AMM0,[하반기 당직선거] 중부권 전국운영위원 조연희 후보,2020-09-11T01:40:17Z,0h 2m 48s,43,2,0
UCvtJBm9C0rd6Py-GB8KLH1A,o5RLkYa1NNs,[하반기 당직선거] 중부권 전국운영위원 송상호 후보,2020-09-11T01:37:20Z,0h 2m 14s,90,4,0
UCvtJBm9C0rd6Py-GB8KLH1A,1LppKLmpFTs,[하반기 당직선거] 중부권 전국운영위원 김경환 후보,2020-09-11T01:35:07Z,0h 2m 27s,68,5,0
UCvtJBm9C0rd6Py-GB8KLH1A,SLkPLZuSVb4,[하반기 당직선거] 수도권 전국운영위원 이준 후보,2020-09-11T01:19:37Z,0h 4m 12s,106,5,1
UCvtJBm9C0rd6Py-GB8KLH1A,O96annSuYv0,[하반기 당직선거] 경남권 전국운영위원 박찬종 후보,2020-09-10T09:52:22Z,0h 1m 27s,57,4,1
UCvtJBm9C0rd6Py-GB8KLH1A,bUYVpFgV-G4,[하반기 당직선거] 전라권 전국운영위원 문지영 후보,2020-09-10T09:48:48Z,0h 2m 59s,86,5,2
UCvtJBm9C0rd6Py-GB8KLH1A,SkwhfHVTVeM,[하반기 당직선거] 전라권 전국운영위원 문현철 후보,2020-09-10T09:45:31Z,0h 1m 39s,95,5,1
UCvtJBm9C0rd6Py-GB8KLH1A,XM7fUbFdQ8Y,[하반기 당직선거] 수도권 전국운영위원 김진서 후보,2020-09-10T09:42:29Z,0h 2m 8s,110,8,2
UCvtJBm9C0rd6Py-GB8KLH1A,XS2wYccdaiI,[하반기 당직선거] 수도권 전국운영위원 노서영 후보,2020-09-10T09:39:32Z,0h 3m 8s,177,8,2
UCvtJBm9C0rd6Py-GB8KLH1A,qe9sqcb9nz8,🎙️ #신지혜 대표 서울시장 보궐선거 출마 선언,2020-09-03T08:12:25Z,0h 13m 54s,552,31,14
UCvtJBm9C0rd6Py-GB8KLH1A,EA5ERQiRLUA,"[신지혜 대표] 미래통합당 기본소득안, 기본소득이 아닙니다 ❌",2020-08-31T10:38:39Z,0h 7m 19s,306,33,17
UCvtJBm9C0rd6Py-GB8KLH1A,wuzCmRxnjew,고위공직자 성폭력을 말하다,2020-08-26T03:16:42Z,2h 13m 52s,404,25,0
UCvtJBm9C0rd6Py-GB8KLH1A,QapVQ2Q-N1M,[정당정책토론회] 기본소득당 vs 미래통합당 끝장 토론!,2020-08-23T07:53:54Z,0h 2m 23s,271,26,3
UCvtJBm9C0rd6Py-GB8KLH1A,DQ7QUiR5bu0,[베이직 라이브] 아듀! 홍대사무실,2020-08-12T12:15:38Z,1h 7m 35s,558,43,6
UCvtJBm9C0rd6Py-GB8KLH1A,87JSwa0POao,[신지혜 대표] 문재인 정부도 못 잡는 부동산 투기 잡는 방법!,2020-07-20T09:18:55Z,0h 19m 26s,633,34,13
UCvtJBm9C0rd6Py-GB8KLH1A,RHNmJYBy5z0,기본소득당 로고가 바뀌었어요!,2020-07-16T05:09:06Z,0h 0m 25s,673,37,7
UCvtJBm9C0rd6Py-GB8KLH1A,Ao-y0iS0wAs,당신을 만나러 갑니다,2020-05-31T11:15:10Z,1h 52m 34s,846,26,22
UCvtJBm9C0rd6Py-GB8KLH1A,Y0zmBCewxRQ,안녕하세요 기본소득당 상임대표 후보 신지혜입니다,2020-05-21T04:14:32Z,0h 2m 50s,1272,42,36
UCvtJBm9C0rd6Py-GB8KLH1A,3FMcQG9YxA0,"[베이직라이브] 5월 14일, 국회의원 당선인 용혜인과 함께 하는 베이직라이브",2020-05-14T13:47:01Z,1h 7m 3s,722,31,10
UCvtJBm9C0rd6Py-GB8KLH1A,U9GLWAziANE,여성혐오를 찢고 나온 후보들 - 21대 총선 페미니스트 수난 토크,2020-04-30T09:10:44Z,2h 34m 57s,16233,149,598
UCvtJBm9C0rd6Py-GB8KLH1A,Zol3BPdXswg,[유튜브 최초] 남들 골드버튼 언박싱 할때 금뱃지 언박싱하는 유튜버,2020-04-28T07:02:50Z,0h 3m 11s,96094,283,2022
UCvtJBm9C0rd6Py-GB8KLH1A,JWeqcOW9PN0,세계 최초 금뱃지 언박싱 : 21대 총선 애프터 토크,2020-04-23T14:03:41Z,1h 24m 5s,11307,81,543
UCvtJBm9C0rd6Py-GB8KLH1A,ljFMuB259DQ,신민주의 보이는 라디오,2020-04-04T05:30:17Z,0h 43m 19s,497,6,5
UCvtJBm9C0rd6Py-GB8KLH1A,FDu2QyjL6uU,[특집] 김준호 솔로 라이브,2020-04-02T13:49:55Z,1h 10m 18s,413,17,1
UCvtJBm9C0rd6Py-GB8KLH1A,ehQrzW_IgZg,고양시(정) 기호 8번 신지혜 후보를 소개합니다,2020-03-31T07:15:59Z,0h 4m 5s,1326,44,16
UCvtJBm9C0rd6Py-GB8KLH1A,f2waebTmPFI,은평구(을) 기호 7번 신민주 후보를 소개합니다,2020-03-31T07:15:43Z,0h 4m 9s,3901,39,76
UCvtJBm9C0rd6Py-GB8KLH1A,PoFS2cgAU40,지역구 후보 특집,2020-03-26T13:42:21Z,1h 4m 13s,375,23,6
UCvtJBm9C0rd6Py-GB8KLH1A,RP0GwRf8QHQ,How to 기본소득 60만원!,2020-03-19T13:44:46Z,1h 10m 7s,1317,50,34
UCvtJBm9C0rd6Py-GB8KLH1A,I3WIbrhCBX4,재난 기본소득 어디까지 왔나,2020-03-18T05:59:59Z,0h 6m 57s,657,24,20
UCvtJBm9C0rd6Py-GB8KLH1A,-IwObd7zsqs,기본소득당 비례대표 후보 라이브,2020-03-16T13:19:12Z,1h 42m 2s,832,40,11
UCvtJBm9C0rd6Py-GB8KLH1A,dUW-kYFPRiE,"코로나 재난 기본소득, 언제 주나요?",2020-03-12T13:54:42Z,1h 16m 6s,525,38,7
UCvtJBm9C0rd6Py-GB8KLH1A,wQ0OBScMqPI,에볼라 의사가 알려주는 코로나 팩트체크,2020-03-10T04:43:32Z,0h 19m 12s,770,40,5
UCvtJBm9C0rd6Py-GB8KLH1A,7Z9ThndMYt0,Basic Live] 3.8여성의날 특집방송,2020-03-08T09:05:27Z,1h 36m 57s,763,35,7
UCvtJBm9C0rd6Py-GB8KLH1A,6zxZ2zEgC2E,Basic LIve] 에볼라 의사와 함께하는 코로나19 라이브,2020-03-05T13:54:51Z,1h 42m 38s,766,43,2
UCvtJBm9C0rd6Py-GB8KLH1A,u_j9HbM4BwM,"기본소득당에 대한 모든 질문, 전부 답해드립니다!",2020-03-01T05:53:42Z,0h 12m 53s,4868,80,140
UCvtJBm9C0rd6Py-GB8KLH1A,WIrau8uwHck,Basic Live] 파일럿 방송,2020-02-27T13:47:39Z,1h 28m 46s,1430,112,4
UCvtJBm9C0rd6Py-GB8KLH1A,i8tXcbjORCU,"코로나19, 재난 기본소득 30만원을 제안합니다.",2020-02-26T12:27:49Z,0h 2m 56s,1036,68,42
UCvtJBm9C0rd6Py-GB8KLH1A,ZdjIwrJF2BY,"대한민국 최초 원이슈 정당, 기본소득당을 소개합니다🎉",2020-02-21T07:20:44Z,0h 3m 41s,205039,353,330
UCvtJBm9C0rd6Py-GB8KLH1A,aIQCgkeLKFI,"기본소득당 창당대회 2020년 1월 19일, 변화는 시작됐다! (feat. 레츠피스)",2019-12-30T04:47:45Z,0h 0m 58s,922,33,10
UCvtJBm9C0rd6Py-GB8KLH1A,uc-ZwVsjEos,Basic Income Party went to Basic Income Global March in korea!,2019-10-30T06:51:50Z,0h 1m 50s,260,18,1
UCvtJBm9C0rd6Py-GB8KLH1A,AKUvJHAO3ig,"기본소득당, 국제기본소득행진에 가다!",2019-10-30T05:56:05Z,0h 1m 50s,441,18,5
UCvtJBm9C0rd6Py-GB8KLH1A,6jJHATROuPQ,기본소득당이 기후위기 박살내러왔다!,2019-09-23T08:31:58Z,0h 0m 53s,381,13,9
UCvtJBm9C0rd6Py-GB8KLH1A,1_-ch9IiA-A,기본소득당의 발기인들을 만나보았다! 창당 발기인대회 당일 현장 인터뷰,2019-09-11T05:54:27Z,0h 1m 56s,1570,28,7
UCvtJBm9C0rd6Py-GB8KLH1A,8fvXCGhkoz4,"기본소득당 창당의 새싹, 이제 피어납니다 🌱",2019-09-10T05:52:32Z,0h 1m 17s,784,26,4
UCvtJBm9C0rd6Py-GB8KLH1A,9XNkbml-280,"기본소득당 창당 프로젝트, 지금 시작합니다!",2019-09-08T07:56:58Z,0h 0m 51s,1568,53,5
